-- -------------------------------------------------------------
-- TablePlus 5.1.0(468)
--
-- https://tableplus.com/
--
-- Database: caseDatabase
-- Generation Time: 2022-10-31 12:49:33.3940
-- -------------------------------------------------------------


/*!40101 SET @OLD_CHARACTER_SET_CLIENT=@@CHARACTER_SET_CLIENT */;
/*!40101 SET @OLD_CHARACTER_SET_RESULTS=@@CHARACTER_SET_RESULTS */;
/*!40101 SET @OLD_COLLATION_CONNECTION=@@COLLATION_CONNECTION */;
/*!40101 SET NAMES utf8mb4 */;
/*!40014 SET @OLD_UNIQUE_CHECKS=@@UNIQUE_CHECKS, UNIQUE_CHECKS=0 */;
/*!40014 SET @OLD_FOREIGN_KEY_CHECKS=@@FOREIGN_KEY_CHECKS, FOREIGN_KEY_CHECKS=0 */;
/*!40101 SET @OLD_SQL_MODE=@@SQL_MODE, SQL_MODE='NO_AUTO_VALUE_ON_ZERO' */;
/*!40111 SET @OLD_SQL_NOTES=@@SQL_NOTES, SQL_NOTES=0 */;


CREATE TABLE `developer` (
  `id` bigint(20) unsigned NOT NULL AUTO_INCREMENT,
  `name` varchar(255) COLLATE utf8mb4_unicode_ci NOT NULL,
  `role` varchar(255) COLLATE utf8mb4_unicode_ci NOT NULL,
  `weekly_work_hours` int(11) NOT NULL,
  `seniority` int(11) NOT NULL,
  `created_at` timestamp NULL DEFAULT NULL,
  `updated_at` timestamp NULL DEFAULT NULL,
  PRIMARY KEY (`id`)
) ENGINE=InnoDB AUTO_INCREMENT=21 DEFAULT CHARSET=utf8mb4 COLLATE=utf8mb4_unicode_ci;

CREATE TABLE `failed_jobs` (
  `id` bigint(20) unsigned NOT NULL AUTO_INCREMENT,
  `uuid` varchar(255) COLLATE utf8mb4_unicode_ci NOT NULL,
  `connection` text COLLATE utf8mb4_unicode_ci NOT NULL,
  `queue` text COLLATE utf8mb4_unicode_ci NOT NULL,
  `payload` longtext COLLATE utf8mb4_unicode_ci NOT NULL,
  `exception` longtext COLLATE utf8mb4_unicode_ci NOT NULL,
  `failed_at` timestamp NOT NULL DEFAULT CURRENT_TIMESTAMP,
  PRIMARY KEY (`id`),
  UNIQUE KEY `failed_jobs_uuid_unique` (`uuid`)
) ENGINE=InnoDB DEFAULT CHARSET=utf8mb4 COLLATE=utf8mb4_unicode_ci;

CREATE TABLE `migrations` (
  `id` int(10) unsigned NOT NULL AUTO_INCREMENT,
  `migration` varchar(255) COLLATE utf8mb4_unicode_ci NOT NULL,
  `batch` int(11) NOT NULL,
  PRIMARY KEY (`id`)
) ENGINE=InnoDB AUTO_INCREMENT=8 DEFAULT CHARSET=utf8mb4 COLLATE=utf8mb4_unicode_ci;

CREATE TABLE `password_resets` (
  `email` varchar(255) COLLATE utf8mb4_unicode_ci NOT NULL,
  `token` varchar(255) COLLATE utf8mb4_unicode_ci NOT NULL,
  `created_at` timestamp NULL DEFAULT NULL,
  KEY `password_resets_email_index` (`email`)
) ENGINE=InnoDB DEFAULT CHARSET=utf8mb4 COLLATE=utf8mb4_unicode_ci;

CREATE TABLE `personal_access_tokens` (
  `id` bigint(20) unsigned NOT NULL AUTO_INCREMENT,
  `tokenable_type` varchar(255) COLLATE utf8mb4_unicode_ci NOT NULL,
  `tokenable_id` bigint(20) unsigned NOT NULL,
  `name` varchar(255) COLLATE utf8mb4_unicode_ci NOT NULL,
  `token` varchar(64) COLLATE utf8mb4_unicode_ci NOT NULL,
  `abilities` text COLLATE utf8mb4_unicode_ci,
  `last_used_at` timestamp NULL DEFAULT NULL,
  `created_at` timestamp NULL DEFAULT NULL,
  `updated_at` timestamp NULL DEFAULT NULL,
  PRIMARY KEY (`id`),
  UNIQUE KEY `personal_access_tokens_token_unique` (`token`),
  KEY `personal_access_tokens_tokenable_type_tokenable_id_index` (`tokenable_type`,`tokenable_id`)
) ENGINE=InnoDB DEFAULT CHARSET=utf8mb4 COLLATE=utf8mb4_unicode_ci;

CREATE TABLE `task` (
  `id` bigint(20) unsigned NOT NULL AUTO_INCREMENT,
  `name` varchar(255) COLLATE utf8mb4_unicode_ci NOT NULL,
  `complexity` varchar(255) COLLATE utf8mb4_unicode_ci NOT NULL,
  `time` int(11) NOT NULL,
  `created_at` timestamp NULL DEFAULT NULL,
  `updated_at` timestamp NULL DEFAULT NULL,
  PRIMARY KEY (`id`)
) ENGINE=InnoDB AUTO_INCREMENT=269 DEFAULT CHARSET=utf8mb4 COLLATE=utf8mb4_unicode_ci;

CREATE TABLE `task_manager` (
  `id` bigint(20) unsigned NOT NULL AUTO_INCREMENT,
  `developer_id` varchar(255) COLLATE utf8mb4_unicode_ci NOT NULL,
  `task_id` varchar(255) COLLATE utf8mb4_unicode_ci NOT NULL,
  `estimated_time_to_finish` int(11) NOT NULL,
  `created_at` timestamp NULL DEFAULT NULL,
  `updated_at` timestamp NULL DEFAULT NULL,
  `week_number` int(11) DEFAULT NULL,
  PRIMARY KEY (`id`),
  UNIQUE KEY `Unique Task id` (`task_id`) USING BTREE
) ENGINE=InnoDB AUTO_INCREMENT=8850 DEFAULT CHARSET=utf8mb4 COLLATE=utf8mb4_unicode_ci;

CREATE TABLE `users` (
  `id` bigint(20) unsigned NOT NULL AUTO_INCREMENT,
  `name` varchar(255) COLLATE utf8mb4_unicode_ci NOT NULL,
  `email` varchar(255) COLLATE utf8mb4_unicode_ci NOT NULL,
  `email_verified_at` timestamp NULL DEFAULT NULL,
  `password` varchar(255) COLLATE utf8mb4_unicode_ci NOT NULL,
  `remember_token` varchar(100) COLLATE utf8mb4_unicode_ci DEFAULT NULL,
  `created_at` timestamp NULL DEFAULT NULL,
  `updated_at` timestamp NULL DEFAULT NULL,
  PRIMARY KEY (`id`),
  UNIQUE KEY `users_email_unique` (`email`)
) ENGINE=InnoDB DEFAULT CHARSET=utf8mb4 COLLATE=utf8mb4_unicode_ci;

INSERT INTO `developer` (`id`, `name`, `role`, `weekly_work_hours`, `seniority`, `created_at`, `updated_at`) VALUES
(16, 'Easter Lind', 'Developer', 45, 1, '2022-10-30 18:38:21', '2022-10-30 18:38:21'),
(17, 'Ollie Rohan', 'Developer', 45, 2, '2022-10-30 18:38:21', '2022-10-30 18:38:21'),
(18, 'Casimer Monahan', 'Developer', 45, 3, '2022-10-30 18:38:21', '2022-10-30 18:38:21'),
(19, 'Dayne Bechtelar', 'Developer', 45, 4, '2022-10-30 18:38:21', '2022-10-30 18:38:21'),
(20, 'Prof. Letha Predovic', 'Developer', 45, 5, '2022-10-30 18:38:21', '2022-10-30 18:38:21');

INSERT INTO `migrations` (`id`, `migration`, `batch`) VALUES
(1, '2014_10_12_000000_create_users_table', 1),
(2, '2014_10_12_100000_create_password_resets_table', 1),
(3, '2019_08_19_000000_create_failed_jobs_table', 1),
(4, '2019_12_14_000001_create_personal_access_tokens_table', 1),
(5, '2022_10_30_082629_create_task_table', 1),
(6, '2022_10_30_082642_create_developer_table', 1),
(7, '2022_10_30_181517_create_task_manager_table', 1);

INSERT INTO `task` (`id`, `name`, `complexity`, `time`, `created_at`, `updated_at`) VALUES
(135, 'IT Task 0', '3', 6, '2022-10-31 09:47:44', NULL),
(136, 'IT Task 1', '4', 6, '2022-10-31 09:47:44', NULL),
(137, 'IT Task 2', '3', 10, '2022-10-31 09:47:44', NULL),
(138, 'IT Task 3', '4', 4, '2022-10-31 09:47:44', NULL),
(139, 'IT Task 4', '3', 5, '2022-10-31 09:47:44', NULL),
(140, 'IT Task 5', '1', 12, '2022-10-31 09:47:44', NULL),
(141, 'IT Task 6', '1', 4, '2022-10-31 09:47:44', NULL),
(142, 'IT Task 7', '5', 6, '2022-10-31 09:47:44', NULL),
(143, 'IT Task 8', '3', 8, '2022-10-31 09:47:44', NULL),
(144, 'IT Task 9', '1', 6, '2022-10-31 09:47:44', NULL),
(145, 'IT Task 10', '2', 10, '2022-10-31 09:47:44', NULL),
(146, 'IT Task 11', '1', 6, '2022-10-31 09:47:44', NULL),
(147, 'IT Task 12', '4', 11, '2022-10-31 09:47:44', NULL),
(148, 'IT Task 13', '5', 3, '2022-10-31 09:47:44', NULL),
(149, 'IT Task 14', '1', 11, '2022-10-31 09:47:44', NULL),
(150, 'IT Task 15', '4', 6, '2022-10-31 09:47:44', NULL),
(151, 'IT Task 16', '5', 4, '2022-10-31 09:47:44', NULL),
(152, 'IT Task 17', '3', 11, '2022-10-31 09:47:44', NULL),
(153, 'IT Task 18', '2', 11, '2022-10-31 09:47:44', NULL),
(154, 'IT Task 19', '3', 8, '2022-10-31 09:47:44', NULL),
(155, 'IT Task 20', '3', 11, '2022-10-31 09:47:44', NULL),
(156, 'IT Task 21', '1', 5, '2022-10-31 09:47:44', NULL),
(157, 'IT Task 22', '4', 5, '2022-10-31 09:47:44', NULL),
(158, 'IT Task 23', '2', 7, '2022-10-31 09:47:44', NULL),
(159, 'IT Task 24', '2', 6, '2022-10-31 09:47:44', NULL),
(160, 'IT Task 25', '3', 9, '2022-10-31 09:47:44', NULL),
(161, 'IT Task 26', '4', 6, '2022-10-31 09:47:44', NULL),
(162, 'IT Task 27', '4', 7, '2022-10-31 09:47:44', NULL),
(163, 'IT Task 28', '1', 4, '2022-10-31 09:47:44', NULL),
(164, 'IT Task 29', '4', 5, '2022-10-31 09:47:44', NULL),
(165, 'IT Task 30', '5', 9, '2022-10-31 09:47:44', NULL),
(166, 'IT Task 31', '2', 5, '2022-10-31 09:47:44', NULL),
(167, 'IT Task 32', '2', 5, '2022-10-31 09:47:44', NULL),
(168, 'IT Task 33', '2', 6, '2022-10-31 09:47:44', NULL),
(169, 'IT Task 34', '5', 6, '2022-10-31 09:47:44', NULL),
(170, 'IT Task 35', '1', 10, '2022-10-31 09:47:44', NULL),
(171, 'IT Task 36', '1', 10, '2022-10-31 09:47:44', NULL),
(172, 'IT Task 37', '1', 10, '2022-10-31 09:47:44', NULL),
(173, 'IT Task 38', '5', 12, '2022-10-31 09:47:44', NULL),
(174, 'IT Task 39', '4', 12, '2022-10-31 09:47:44', NULL),
(175, 'IT Task 40', '2', 6, '2022-10-31 09:47:44', NULL),
(176, 'IT Task 41', '3', 8, '2022-10-31 09:47:44', NULL),
(177, 'IT Task 42', '5', 10, '2022-10-31 09:47:44', NULL),
(178, 'IT Task 43', '3', 10, '2022-10-31 09:47:44', NULL),
(179, 'IT Task 44', '5', 8, '2022-10-31 09:47:44', NULL),
(180, 'IT Task 45', '5', 9, '2022-10-31 09:47:44', NULL),
(181, 'IT Task 46', '3', 3, '2022-10-31 09:47:44', NULL),
(182, 'IT Task 47', '4', 4, '2022-10-31 09:47:44', NULL),
(183, 'IT Task 48', '1', 12, '2022-10-31 09:47:44', NULL),
(184, 'IT Task 49', '1', 7, '2022-10-31 09:47:44', NULL),
(185, 'IT Task 50', '1', 4, '2022-10-31 09:47:44', NULL),
(186, 'IT Task 51', '1', 10, '2022-10-31 09:47:44', NULL),
(187, 'IT Task 52', '4', 8, '2022-10-31 09:47:44', NULL),
(188, 'IT Task 53', '3', 3, '2022-10-31 09:47:44', NULL),
(189, 'IT Task 54', '4', 10, '2022-10-31 09:47:44', NULL),
(190, 'IT Task 55', '4', 12, '2022-10-31 09:47:44', NULL),
(191, 'IT Task 56', '3', 10, '2022-10-31 09:47:44', NULL),
(192, 'IT Task 57', '2', 11, '2022-10-31 09:47:44', NULL),
(193, 'IT Task 58', '1', 7, '2022-10-31 09:47:44', NULL),
(194, 'IT Task 59', '2', 4, '2022-10-31 09:47:44', NULL),
(195, 'IT Task 60', '3', 4, '2022-10-31 09:47:44', NULL),
(196, 'IT Task 61', '1', 3, '2022-10-31 09:47:44', NULL),
(197, 'IT Task 62', '1', 6, '2022-10-31 09:47:44', NULL),
(198, 'IT Task 63', '3', 3, '2022-10-31 09:47:44', NULL),
(199, 'IT Task 64', '4', 12, '2022-10-31 09:47:44', NULL),
(200, 'IT Task 65', '2', 11, '2022-10-31 09:47:44', NULL),
(201, 'IT Task 66', '3', 10, '2022-10-31 09:47:44', NULL),
(202, 'Business Task 0', '1', 7, '2022-10-31 09:47:44', NULL),
(203, 'Business Task 1', '3', 4, '2022-10-31 09:47:44', NULL),
(204, 'Business Task 2', '1', 6, '2022-10-31 09:47:44', NULL),
(205, 'Business Task 3', '5', 4, '2022-10-31 09:47:44', NULL),
(206, 'Business Task 4', '2', 7, '2022-10-31 09:47:44', NULL),
(207, 'Business Task 5', '5', 7, '2022-10-31 09:47:44', NULL),
(208, 'Business Task 6', '4', 5, '2022-10-31 09:47:44', NULL),
(209, 'Business Task 7', '2', 11, '2022-10-31 09:47:44', NULL),
(210, 'Business Task 8', '4', 12, '2022-10-31 09:47:44', NULL),
(211, 'Business Task 9', '1', 4, '2022-10-31 09:47:44', NULL),
(212, 'Business Task 10', '2', 7, '2022-10-31 09:47:44', NULL),
(213, 'Business Task 11', '4', 3, '2022-10-31 09:47:44', NULL),
(214, 'Business Task 12', '3', 10, '2022-10-31 09:47:44', NULL),
(215, 'Business Task 13', '1', 3, '2022-10-31 09:47:44', NULL),
(216, 'Business Task 14', '2', 10, '2022-10-31 09:47:44', NULL),
(217, 'Business Task 15', '2', 12, '2022-10-31 09:47:44', NULL),
(218, 'Business Task 16', '3', 9, '2022-10-31 09:47:44', NULL),
(219, 'Business Task 17', '4', 9, '2022-10-31 09:47:44', NULL),
(220, 'Business Task 18', '1', 7, '2022-10-31 09:47:44', NULL),
(221, 'Business Task 19', '4', 4, '2022-10-31 09:47:44', NULL),
(222, 'Business Task 20', '5', 4, '2022-10-31 09:47:44', NULL),
(223, 'Business Task 21', '4', 4, '2022-10-31 09:47:44', NULL),
(224, 'Business Task 22', '2', 5, '2022-10-31 09:47:44', NULL),
(225, 'Business Task 23', '5', 9, '2022-10-31 09:47:44', NULL),
(226, 'Business Task 24', '5', 12, '2022-10-31 09:47:44', NULL),
(227, 'Business Task 25', '3', 9, '2022-10-31 09:47:44', NULL),
(228, 'Business Task 26', '2', 12, '2022-10-31 09:47:44', NULL),
(229, 'Business Task 27', '3', 9, '2022-10-31 09:47:44', NULL),
(230, 'Business Task 28', '1', 7, '2022-10-31 09:47:44', NULL),
(231, 'Business Task 29', '4', 4, '2022-10-31 09:47:44', NULL),
(232, 'Business Task 30', '4', 4, '2022-10-31 09:47:44', NULL),
(233, 'Business Task 31', '1', 7, '2022-10-31 09:47:44', NULL),
(234, 'Business Task 32', '4', 7, '2022-10-31 09:47:44', NULL),
(235, 'Business Task 33', '3', 9, '2022-10-31 09:47:44', NULL),
(236, 'Business Task 34', '2', 9, '2022-10-31 09:47:44', NULL),
(237, 'Business Task 35', '1', 9, '2022-10-31 09:47:44', NULL),
(238, 'Business Task 36', '5', 3, '2022-10-31 09:47:44', NULL),
(239, 'Business Task 37', '4', 5, '2022-10-31 09:47:44', NULL),
(240, 'Business Task 38', '1', 9, '2022-10-31 09:47:44', NULL),
(241, 'Business Task 39', '5', 7, '2022-10-31 09:47:44', NULL),
(242, 'Business Task 40', '1', 6, '2022-10-31 09:47:44', NULL),
(243, 'Business Task 41', '1', 5, '2022-10-31 09:47:44', NULL),
(244, 'Business Task 42', '5', 9, '2022-10-31 09:47:44', NULL),
(245, 'Business Task 43', '1', 9, '2022-10-31 09:47:44', NULL),
(246, 'Business Task 44', '5', 8, '2022-10-31 09:47:44', NULL),
(247, 'Business Task 45', '5', 8, '2022-10-31 09:47:44', NULL),
(248, 'Business Task 46', '1', 9, '2022-10-31 09:47:44', NULL),
(249, 'Business Task 47', '1', 12, '2022-10-31 09:47:44', NULL),
(250, 'Business Task 48', '1', 3, '2022-10-31 09:47:44', NULL),
(251, 'Business Task 49', '5', 7, '2022-10-31 09:47:45', NULL),
(252, 'Business Task 50', '5', 12, '2022-10-31 09:47:45', NULL),
(253, 'Business Task 51', '1', 11, '2022-10-31 09:47:45', NULL),
(254, 'Business Task 52', '3', 7, '2022-10-31 09:47:45', NULL),
(255, 'Business Task 53', '1', 3, '2022-10-31 09:47:45', NULL),
(256, 'Business Task 54', '4', 10, '2022-10-31 09:47:45', NULL),
(257, 'Business Task 55', '2', 11, '2022-10-31 09:47:45', NULL),
(258, 'Business Task 56', '4', 9, '2022-10-31 09:47:45', NULL),
(259, 'Business Task 57', '3', 7, '2022-10-31 09:47:45', NULL),
(260, 'Business Task 58', '2', 4, '2022-10-31 09:47:45', NULL),
(261, 'Business Task 59', '4', 9, '2022-10-31 09:47:45', NULL),
(262, 'Business Task 60', '2', 10, '2022-10-31 09:47:45', NULL),
(263, 'Business Task 61', '3', 8, '2022-10-31 09:47:45', NULL),
(264, 'Business Task 62', '1', 10, '2022-10-31 09:47:45', NULL),
(265, 'Business Task 63', '4', 11, '2022-10-31 09:47:45', NULL),
(266, 'Business Task 64', '4', 5, '2022-10-31 09:47:45', NULL),
(267, 'Business Task 65', '3', 9, '2022-10-31 09:47:45', NULL),
(268, 'Business Task 66', '1', 3, '2022-10-31 09:47:45', NULL);

INSERT INTO `task_manager` (`id`, `developer_id`, `task_id`, `estimated_time_to_finish`, `created_at`, `updated_at`, `week_number`) VALUES
(8716, '16', '140', 12, NULL, NULL, NULL),
(8717, '20', '173', 12, NULL, NULL, NULL),
(8718, '19', '174', 12, NULL, NULL, NULL),
(8719, '16', '183', 12, NULL, NULL, NULL),
(8720, '19', '190', 12, NULL, NULL, NULL),
(8721, '19', '199', 12, NULL, NULL, NULL),
(8722, '19', '210', 12, NULL, NULL, NULL),
(8723, '17', '217', 12, NULL, NULL, NULL),
(8724, '20', '226', 12, NULL, NULL, NULL),
(8725, '17', '228', 12, NULL, NULL, NULL),
(8726, '16', '249', 12, NULL, NULL, NULL),
(8727, '20', '252', 12, NULL, NULL, NULL),
(8728, '17', '257', 11, NULL, NULL, NULL),
(8729, '19', '265', 11, NULL, NULL, NULL),
(8730, '19', '147', 11, NULL, NULL, NULL),
(8731, '16', '149', 11, NULL, NULL, NULL),
(8732, '18', '152', 11, NULL, NULL, NULL),
(8733, '17', '153', 11, NULL, NULL, NULL),
(8734, '18', '155', 11, NULL, NULL, NULL),
(8735, '17', '192', 11, NULL, NULL, NULL),
(8736, '17', '200', 11, NULL, NULL, NULL),
(8737, '17', '209', 11, NULL, NULL, NULL),
(8738, '16', '253', 11, NULL, NULL, NULL),
(8739, '19', '256', 10, NULL, NULL, NULL),
(8740, '17', '262', 10, NULL, NULL, NULL),
(8741, '16', '264', 10, NULL, NULL, NULL),
(8742, '18', '137', 10, NULL, NULL, NULL),
(8743, '17', '145', 10, NULL, NULL, NULL),
(8744, '16', '170', 10, NULL, NULL, NULL),
(8745, '16', '171', 10, NULL, NULL, NULL),
(8746, '16', '172', 10, NULL, NULL, NULL),
(8747, '20', '177', 10, NULL, NULL, NULL),
(8748, '18', '178', 10, NULL, NULL, NULL),
(8749, '16', '186', 10, NULL, NULL, NULL),
(8750, '19', '189', 10, NULL, NULL, NULL),
(8751, '18', '191', 10, NULL, NULL, NULL),
(8752, '18', '201', 10, NULL, NULL, NULL),
(8753, '18', '214', 10, NULL, NULL, NULL),
(8754, '17', '216', 10, NULL, NULL, NULL),
(8755, '19', '258', 9, NULL, NULL, NULL),
(8756, '19', '261', 9, NULL, NULL, NULL),
(8757, '18', '267', 9, NULL, NULL, NULL),
(8758, '18', '160', 9, NULL, NULL, NULL),
(8759, '20', '165', 9, NULL, NULL, NULL),
(8760, '20', '180', 9, NULL, NULL, NULL),
(8761, '18', '218', 9, NULL, NULL, NULL),
(8762, '19', '219', 9, NULL, NULL, NULL),
(8763, '20', '225', 9, NULL, NULL, NULL),
(8764, '18', '227', 9, NULL, NULL, NULL),
(8765, '18', '229', 9, NULL, NULL, NULL),
(8766, '18', '235', 9, NULL, NULL, NULL),
(8767, '17', '236', 9, NULL, NULL, NULL),
(8768, '16', '237', 9, NULL, NULL, NULL),
(8769, '16', '240', 9, NULL, NULL, NULL),
(8770, '20', '244', 9, NULL, NULL, NULL),
(8771, '16', '245', 9, NULL, NULL, NULL),
(8772, '16', '248', 9, NULL, NULL, NULL),
(8773, '18', '263', 8, NULL, NULL, NULL),
(8774, '18', '143', 8, NULL, NULL, NULL),
(8775, '18', '154', 8, NULL, NULL, NULL),
(8776, '18', '176', 8, NULL, NULL, NULL),
(8777, '20', '179', 8, NULL, NULL, NULL),
(8778, '19', '187', 8, NULL, NULL, NULL),
(8779, '20', '246', 8, NULL, NULL, NULL),
(8780, '20', '247', 8, NULL, NULL, NULL),
(8781, '18', '259', 7, NULL, NULL, NULL),
(8782, '17', '158', 7, NULL, NULL, NULL),
(8783, '19', '162', 7, NULL, NULL, NULL),
(8784, '16', '184', 7, NULL, NULL, NULL),
(8785, '16', '193', 7, NULL, NULL, NULL),
(8786, '16', '202', 7, NULL, NULL, NULL),
(8787, '17', '206', 7, NULL, NULL, NULL),
(8788, '20', '207', 7, NULL, NULL, NULL),
(8789, '17', '212', 7, NULL, NULL, NULL),
(8790, '16', '220', 7, NULL, NULL, NULL),
(8791, '16', '230', 7, NULL, NULL, NULL),
(8792, '16', '233', 7, NULL, NULL, NULL),
(8793, '19', '234', 7, NULL, NULL, NULL),
(8794, '20', '241', 7, NULL, NULL, NULL),
(8795, '20', '251', 7, NULL, NULL, NULL),
(8796, '18', '254', 7, NULL, NULL, NULL),
(8797, '18', '135', 6, NULL, NULL, NULL),
(8798, '19', '136', 6, NULL, NULL, NULL),
(8799, '20', '142', 6, NULL, NULL, NULL),
(8800, '16', '144', 6, NULL, NULL, NULL),
(8801, '16', '146', 6, NULL, NULL, NULL),
(8802, '19', '150', 6, NULL, NULL, NULL),
(8803, '17', '159', 6, NULL, NULL, NULL),
(8804, '19', '161', 6, NULL, NULL, NULL),
(8805, '17', '168', 6, NULL, NULL, NULL),
(8806, '20', '169', 6, NULL, NULL, NULL),
(8807, '17', '175', 6, NULL, NULL, NULL),
(8808, '16', '197', 6, NULL, NULL, NULL),
(8809, '16', '204', 6, NULL, NULL, NULL),
(8810, '16', '242', 6, NULL, NULL, NULL),
(8811, '19', '266', 5, NULL, NULL, NULL),
(8812, '18', '139', 5, NULL, NULL, NULL),
(8813, '16', '156', 5, NULL, NULL, NULL),
(8814, '19', '157', 5, NULL, NULL, NULL),
(8815, '19', '164', 5, NULL, NULL, NULL),
(8816, '17', '166', 5, NULL, NULL, NULL),
(8817, '17', '167', 5, NULL, NULL, NULL),
(8818, '19', '208', 5, NULL, NULL, NULL),
(8819, '17', '224', 5, NULL, NULL, NULL),
(8820, '19', '239', 5, NULL, NULL, NULL),
(8821, '16', '243', 5, NULL, NULL, NULL),
(8822, '17', '260', 4, NULL, NULL, NULL),
(8823, '19', '138', 4, NULL, NULL, NULL),
(8824, '16', '141', 4, NULL, NULL, NULL),
(8825, '20', '151', 4, NULL, NULL, NULL),
(8826, '16', '163', 4, NULL, NULL, NULL),
(8827, '19', '182', 4, NULL, NULL, NULL),
(8828, '16', '185', 4, NULL, NULL, NULL),
(8829, '17', '194', 4, NULL, NULL, NULL),
(8830, '18', '195', 4, NULL, NULL, NULL),
(8831, '18', '203', 4, NULL, NULL, NULL),
(8832, '20', '205', 4, NULL, NULL, NULL),
(8833, '16', '211', 4, NULL, NULL, NULL),
(8834, '19', '221', 4, NULL, NULL, NULL),
(8835, '20', '222', 4, NULL, NULL, NULL),
(8836, '19', '223', 4, NULL, NULL, NULL),
(8837, '19', '231', 4, NULL, NULL, NULL),
(8838, '19', '232', 4, NULL, NULL, NULL),
(8839, '16', '268', 3, NULL, NULL, NULL),
(8840, '20', '148', 3, NULL, NULL, NULL),
(8841, '18', '181', 3, NULL, NULL, NULL),
(8842, '18', '188', 3, NULL, NULL, NULL),
(8843, '16', '196', 3, NULL, NULL, NULL),
(8844, '18', '198', 3, NULL, NULL, NULL),
(8845, '19', '213', 3, NULL, NULL, NULL),
(8846, '16', '215', 3, NULL, NULL, NULL),
(8847, '20', '238', 3, NULL, NULL, NULL),
(8848, '16', '250', 3, NULL, NULL, NULL),
(8849, '16', '255', 3, NULL, NULL, NULL);



/*!40101 SET SQL_MODE=@OLD_SQL_MODE */;
/*!40014 SET FOREIGN_KEY_CHECKS=@OLD_FOREIGN_KEY_CHECKS */;
/*!40014 SET UNIQUE_CHECKS=@OLD_UNIQUE_CHECKS */;
/*!40101 SET CHARACTER_SET_CLIENT=@OLD_CHARACTER_SET_CLIENT */;
/*!40101 SET CHARACTER_SET_RESULTS=@OLD_CHARACTER_SET_RESULTS */;
/*!40101 SET COLLATION_CONNECTION=@OLD_COLLATION_CONNECTION */;
/*!40111 SET SQL_NOTES=@OLD_SQL_NOTES */;